,id,code
0,-_jpg.rf.004b8c3739b47784bcd95d5f217f84a0,2
1,-_jpg.rf.03b3910baa5640ad6619ee01c841f461,8
2,-_jpg.rf.078670b7a2c73d9891e660d825410f76,8
3,-_jpg.rf.07c7d2c471dc0200d70ebbf90e6310a7,5
4,-_jpg.rf.0a60379c5c61ed0edb5f3e2f878b31f7,2
5,-_jpg.rf.12e7e04a78ccffaa875721ce7c5324f0,2
6,-_jpg.rf.151f6f98b40a4df16ceade09b1d4dcfd,2
7,-_jpg.rf.15e595f828573d0974e8a049941cd060,6
8,-_jpg.rf.1636c9f4e80befd1e5f115fb1ef0f5b1,5
9,-_jpg.rf.17071049d47ed8acd80cdb070a01e479,1
10,-_jpg.rf.1758f23c9cb04599caf96f68c523290e,3
11,-_jpg.rf.193e7bf485713dff803874d5ce75fb77,7
12,-_jpg.rf.1cbe8e55014f26194ff642fb157913ff,3
13,-_jpg.rf.1edecae059b5ecfbcb0a83d10b016c6d,0
14,-_jpg.rf.23abf6843538f597d4b1dd263d474ca1,2
15,-_jpg.rf.245374f1880db0b311fd15cc8df95895,1
16,-_jpg.rf.2ad1f3c551f364e7bad82686ca2dc01c,5
17,-_jpg.rf.2d9e6dd31b5a728429858c4e779b2dc1,1
18,-_jpg.rf.2f31480a550fcd1c11fe885d2f0909aa,9
19,-_jpg.rf.35d183dbf852a23dbbecd9c5afcbbd0f,2
20,-_jpg.rf.38fa23ca0065090c4e4f0d7f5b1476bf,2
21,-_jpg.rf.3b0fae26228c39c3f06c72420da2cdfe,1
22,-_jpg.rf.3db14015dbce16f8ee256ad1e75c2db9,5
23,-_jpg.rf.3e072a47cbcbc1061afa9c1c3012d3fa,4
24,-_jpg.rf.3e9ba6991f0612597125de9dc78b4c74,9
25,-_jpg.rf.4172edf1cf4608b4aeb69e9dc8aa4d10,8
26,-_jpg.rf.458181a35232e9bc7fedf7701164c9af,1
27,-_jpg.rf.45f0f68c1c1e59e1e1b642989e28551f,4
28,-_jpg.rf.480458dc2cec3877acca04bf9633347c,0
29,-_jpg.rf.4cf3457f4c4e1e4f76b06ad02dd163d8,9
30,-_jpg.rf.4e3a05fa0d4a967c4b2fb4701e75e3eb,5
31,-_jpg.rf.4eac8ebdb4319e3a6ec58f85886df0ea,5
32,-_jpg.rf.52276bb6b08c5b2038c4c1bc664309e4,8
33,-_jpg.rf.558e96aa5f56a8f7bfab3dc36ab86c67,6
34,-_jpg.rf.593fc440e6b1cd3be16af9a0fe95df60,8
35,-_jpg.rf.5ac364cebf777c740a36269c3706471b,5
36,-_jpg.rf.5cb9ec85f15af08314dee15da53dbf24,0
37,-_jpg.rf.5e93d762470ce5e36c79361a5b6c5f6d,6
38,-_jpg.rf.5ee1d597313b755ae73deb6a1695d4ff,4
39,-_jpg.rf.611a4996b135a2634ca904dc7b443592,4
40,-_jpg.rf.620880611f498cd2dd318bfdc62f5ac2,3
41,-_jpg.rf.63377e97da9e67bf8d4c19f78e240e9c,1
42,-_jpg.rf.648c10bef6a4b5964d746231651c9e72,6
43,-_jpg.rf.65f1a553a8cfa2ce711bcb2f7634256f,4
44,-_jpg.rf.690a61f9f5bb4db18c39afbaec5a3c7a,0
45,-_jpg.rf.733a7a9e5598dede9e3341560ad9a24d,3
46,-_jpg.rf.76f5c8bc6fd4558ec796097d60d77a06,5
47,-_jpg.rf.7884d5259ef803f85c891f044016b42e,0
48,-_jpg.rf.7a470eb1b4a517d6bb8e0cd301258b72,0
49,-_jpg.rf.7c95af7512ab1c82750d4c9cc6652291,8
50,-_jpg.rf.7f375cdd293ac83fcc8039e1ac0e8a0f,9
51,-_jpg.rf.8020f6b20c7d7644b3495c0516bd5382,9
52,-_jpg.rf.805a49d8b05ab8761b13f46831843d8d,5
53,-_jpg.rf.81c35dc333689df7b97888bac9752d7e,4
54,-_jpg.rf.83b0bc40c16bbd25dbda83cd49a950dc,0
55,-_jpg.rf.86525870f29fd7c27deff3358d4030ff,9
56,-_jpg.rf.871abb93be4d7d437a75a4c48b228605,9
57,-_jpg.rf.884bede1ead05116211ca970a916448d,0
58,-_jpg.rf.8b4a254885914001b1adad7734900620,9
59,-_jpg.rf.8b6c6017348fb48152658758fa2771da,4
60,-_jpg.rf.90d4e4b362b9c89665cdcd0e82d9f80f,0
61,-_jpg.rf.936a98b0fc13e02b3f07d7ceabd267c9,2
62,-_jpg.rf.96cae2e59791911e5602340234e589f4,8
63,-_jpg.rf.97cf4b6cd8b7275e4a1b43744bceb9d2,6
64,-_jpg.rf.98922e749f3e70c9989806627a8ef66d,9
65,-_jpg.rf.9a2a67468a969d385ab82cd915343117,3
66,-_jpg.rf.a314f482c53a5b61575fbdaa3b19a0cb,4
67,-_jpg.rf.aaa030ade0d453187117e0d1397a14a5,1
68,-_jpg.rf.b23678ebbd87d1ae194443f212207245,3
69,-_jpg.rf.b2acce057c3dfb06a5d44275e622b964,3
70,-_jpg.rf.b3ba4578da12fb84a9d937eae3de8a13,1
71,-_jpg.rf.b5780b66f998ce4a13cc2255af3330af,3
72,-_jpg.rf.b6559ef0aab051bbce68f0066d1277fd,6
73,-_jpg.rf.b71c3566a581832118270e94b04ecdd0,2
74,-_jpg.rf.c0177faebff45dbf7f30b5cad87b1b93,6
75,-_jpg.rf.c047cf80b159f6439747c404f8fc7065,3
76,-_jpg.rf.c19379da871abc44b6010f07c3323e19,6
77,-_jpg.rf.c1fbb140d939ddc5b512984d11671d3e,2
78,-_jpg.rf.c425b38c8339c2c1514b99c6c373f2a9,0
79,-_jpg.rf.c9dbc4641f1509c0b6bd5e36b627754c,1
80,-_jpg.rf.cb11b8de2fe3ced91a4fb64e237cd29b,4
81,-_jpg.rf.cbf04f8f213007147fe7b8389e1c2b40,5
82,-_jpg.rf.d18ecb371a454d6620532c3b1b501f21,3
83,-_jpg.rf.d5e1e9f687d38008ef6dc4b8b90a4f4d,8
84,-_jpg.rf.d6dde5cf30ff9d0014fa2572fe56ab73,0
85,-_jpg.rf.d76cb06797b317ed3c29e63b1aee9d7b,8
86,-_jpg.rf.d95245d3474f7b1ff2b95a8cc24ee4f0,2
87,-_jpg.rf.da07890c7ed74fc6c2cb1c07f010d701,1
88,-_jpg.rf.dc9a09d8a19224885662047d743468cf,6
89,-_jpg.rf.dfc13f9e78d1044864142005568cc7a6,1
90,-_jpg.rf.e0d36f1804d6f6d85caa48cc38186ede,7
91,-_jpg.rf.e182807912c2c6ad8484e11fdfd31885,6
92,-_jpg.rf.e1da4cd9e58b9c194bdfc8ebc5e09116,3
93,-_jpg.rf.e2c03543980d8c10968b600cf12cab6d,8
94,-_jpg.rf.e6e69111765366776d0d10f41c935f58,9
95,-_jpg.rf.e77aacc297fa28a12da8215af0294d4d,5
96,-_jpg.rf.e77f375be8bd33a8e43520160c00c6f8,6
97,-_jpg.rf.e7fb6f0e84839a9d972109e5d21c67d1,0
98,-_jpg.rf.e9c7fae6a7d9af1853cf3e1cf41a5602,2
99,-_jpg.rf.e9da83a5e79dc36b864299b89aefb377,8
100,-_jpg.rf.eb03b5de1c092009ec2f9f631275c529,3
101,-_jpg.rf.f05a52a3c8e938c02cc8f13a09f4513a,8
102,-_jpg.rf.f06596354030802ac27bbac27817d94d,9
103,-_jpg.rf.f1b72c54a2d468d6d6544944af3bc4cd,6
104,-_jpg.rf.f4bac9efa7e21ade689724a2f1888882,5
105,-_jpg.rf.f5e926feca60812cc231e2918c9d62d9,7
106,-_jpg.rf.f915b9794992d0f638658623b324ecb5,1
107,-_jpg.rf.fde8421a97202601501e5c7a94dd2b01,4
